楼层,用户,时间,类型,内容摘要
1,BG7OFU,2026-08-09,发布,发布帖：HamKit 开源免费 Android 业余无线电工具箱，含卫星过境预测、CW 摩尔斯训练、一键定位、APRS 位置报告；MIT 开源，项目地址已给出。
2,BG5JIX,2026-08-09,支持,支持
3,BH5HIE,2026-08-09,讨论,最近项目好多啊
4,BI4OAE,2026-08-10,支持,加油，感谢分享
5,BG7OFU,2026-08-14,公告,官网上线：www.hamkit.click
6,BH1LAF,2026-08-14,支持,支持
7,BG7OFU,2026-08-18,公告,发布 v3.0.0，可在 hamkit.click 下载
8,hhhooo0676,2026-08-21,支持,这个好
9,BG5LU,2026-08-23,BUG 报告,肯定卫星部分（活跃与模式标记对新 HAM 友好）；提出 2 个 BUG：① APRS 设置-位置上报的两个编辑框被输入法框挡住；② 有虚拟返回键的手机底部返回键无效，回主页后仍无法返回桌面。附 5 张截图。
10,y010204025,2026-08-25,支持,顶起来
11,BG6HVG,2026-08-29,支持,开源、免费、无广告，必须支持
12,BG7OBO,2026-08-29,支持,开发者大气、威武
13,BG5CYO,2026-08-29,支持,支持！
14,BG7OFU,2026-09-27,开发者答复,@BG5LU 抱歉现在才看到反馈。针对您所提出的几个 bug，我们将记录并在下版本进行修复。
15,BH9BZB,2026-09-28,需求,支持，要是能带上通联记录就更好了，出门手机搞定。
16,BG7OFU,2026-10-01,开发者答复,@BH9BZB 已经将该功能列入开发清单中，预计在不久后上线。
17,BH6BXM,2026-10-02,需求/提问,苹果手机没法用吗？
18,BH6SVA_AC3QU,2026-10-06,BUG/合规报告,设计很好，但发现一个问题：根据 APRS 官方要求，貌似不能直接在应用里自动为用户计算验证码，这是为了防止 APRS 被乱用。
19,BG7OFU,2026-10-06,开发者答复,@BH6BXM 抱歉，目前暂时没有 IOS 端的开发计划。
20,BG7OFU,2026-10-06,开发者答复,@BH6SVA_AC3QU 我们将咨询 APRS 官方，如确有相关规定，我们将进行整改。
21,BH6SVA_AC3QU,2026-10-06,官方依据,贴出 APRS 官方页面截图与翻译：软件作者们，你们有责任仅向业余无线电操作者发放验证码。不要以按需的方式提供验证码，也不要把你的软件用户指引到其他人那里去获取验证码。
